{
  "hash": "01c1ce05",
  "configHash": "daa97731",
  "lockfileHash": "c022c16d",
  "browserHash": "b39c1709",
  "optimized": {
    "@angular/common": {
      "src": "../../../../../node_modules/@angular/common/fesm2022/common.mjs",
      "file": "@angular_common.js",
      "fileHash": "73cf7e1e",
      "needsInterop": false
    },
    "@angular/common/http": {
      "src": "../../../../../node_modules/@angular/common/fesm2022/http.mjs",
      "file": "@angular_common_http.js",
      "fileHash": "38a9b682",
      "needsInterop": false
    },
    "@angular/core": {
      "src": "../../../../../node_modules/@angular/core/fesm2022/core.mjs",
      "file": "@angular_core.js",
      "fileHash": "27c00b60",
      "needsInterop": false
    },
    "@angular/forms": {
      "src": "../../../../../node_modules/@angular/forms/fesm2022/forms.mjs",
      "file": "@angular_forms.js",
      "fileHash": "4234c460",
      "needsInterop": false
    },
    "@angular/platform-browser": {
      "src": "../../../../../node_modules/@angular/platform-browser/fesm2022/platform-browser.mjs",
      "file": "@angular_platform-browser.js",
      "fileHash": "808fea82",
      "needsInterop": false
    },
    "@angular/router": {
      "src": "../../../../../node_modules/@angular/router/fesm2022/router.mjs",
      "file": "@angular_router.js",
      "fileHash": "dd3173d1",
      "needsInterop": false
    },
    "rxjs": {
      "src": "../../../../../node_modules/rxjs/dist/esm5/index.js",
      "file": "rxjs.js",
      "fileHash": "a296439f",
      "needsInterop": false
    }
  },
  "chunks": {
    "chunk-VD5HY7AQ": {
      "file": "chunk-VD5HY7AQ.js"
    },
    "chunk-65KGLH7J": {
      "file": "chunk-65KGLH7J.js"
    },
    "chunk-GBYLXCNQ": {
      "file": "chunk-GBYLXCNQ.js"
    },
    "chunk-NYIFMCVF": {
      "file": "chunk-NYIFMCVF.js"
    },
    "chunk-SXIXOCJ4": {
      "file": "chunk-SXIXOCJ4.js"
    }
  }
}